Workbook

Sheet Instrucciones
A1: Escala de Usabilidad del Sistema (SUS) · Inventia
A3: Para qué sirve | B3: Calcula la puntuación SUS de cada persona y del grupo, y comprueba el criterio del requisito RNF-001: puntuación promedio de 68 o más y tarea principal completada sin ayuda por al menos 80 % de las personas.
A4: Qué se diligencia | B4: Solo las celdas amarillas (texto azul) de las hojas «Respuestas» y «Tareas». Todo lo demás se calcula.
A5: Respuestas | B5: Una fila por persona (hasta 20). Cada afirmación se responde de 1 (totalmente en desacuerdo) a 5 (totalmente de acuerdo); solo se admiten enteros de 1 a 5.
A6: Cálculo por persona | B6: Afirmaciones impares (1, 3, 5, 7, 9): respuesta − 1. Afirmaciones pares (2, 4, 6, 8, 10): 5 − respuesta. Se suman los diez resultados (de 0 a 4 cada uno) y la suma se multiplica por 2,5. El resultado va de 0 a 100 y no es un porcentaje.
A7: Puntuación del grupo | B7: Promedio de las puntuaciones individuales. 68 es el promedio de la literatura (Bangor et al., 2009); 68 o más se considera aceptable.
A8: Tareas | B8: En la hoja «Tareas» se anota, por persona, si completó sin ayuda cada una de las seis tareas del guion (S o N). La tarea principal de RNF-001 son las tareas 1 y 2 (iniciar sesión, consultar existencias y registrar una venta), que debe poder hacerse en menos de tres minutos.
A9: Mínimo de personas | B9: El resumen no concluye hasta que haya al menos 5 personas con el cuestionario completo y 5 con las tareas 1 y 2 evaluadas. Con 5 personas se detecta la mayor parte de los problemas de uso, pero la puntuación es poco estable: conviene tener más.
A10: Estado actual | B10: Este archivo está VACÍO: el cuestionario no se ha aplicado y RNF-001 sigue «pendiente de validación».
A12: Ejemplo ilustrativo | B12: No son datos de ninguna persona: sirve para comprobar el cálculo. Respuestas de P1 a P10 y su puntuación: | C12: P1 | D12: P2 | E12: P3 | F12: P4 | G12: P5 | H12: P6 | I12: P7 | J12: P8 | K12: P9 | L12: P10 | M12: SUS
B13: Puntuación del ejemplo (debe dar 85) | C13: 4 | D13: 2 | E13: 5 | F13: 1 | G13: 4 | H13: 2 | I13: 4 | J13: 2 | K13: 5 | L13: 1 | M13: =((C13-1)+(E13-1)+(G13-1)+(I13-1)+(K13-1)+(5-D13)+(5-F13)+(5-H13)+(5-J13)+(5-L13))*2.5 -> 85
A15: Afirmaciones
A16: P1 | B16: Creo que me gustaría usar este sistema con frecuencia.
A17: P2 | B17: Encontré el sistema innecesariamente complejo.
A18: P3 | B18: Pensé que el sistema era fácil de usar.
A19: P4 | B19: Creo que necesitaría el apoyo de una persona técnica para poder usar este sistema.
A20: P5 | B20: Encontré que las diversas funciones del sistema estaban bien integradas.
A21: P6 | B21: Pensé que había demasiada inconsistencia en el sistema.
A22: P7 | B22: Imagino que la mayoría de las personas aprenderían a usar este sistema muy rápidamente.
A23: P8 | B23: Encontré el sistema muy engorroso de usar.
A24: P9 | B24: Me sentí muy seguro(a) usando el sistema.
A25: P10 | B25: Necesité aprender muchas cosas antes de poder usar el sistema.
A27: Tareas del guion
A28: T1 | B28: Iniciar sesión y consultar el inventario consolidado.
A29: T2 | B29: Registrar una venta de dos productos en una sede.
A30: T3 | B30: Solicitar un traslado entre dos sedes y seguir su estado.
A31: T4 | B31: Ejecutar la predicción de demanda y abrir el detalle de un producto.
A32: T5 | B32: Revisar una recomendación y aprobarla o rechazarla con comentario.
A33: T6 | B33: Descargar el reporte de inventario en Excel.

Sheet Resumen
A1: Resumen de la validación de usabilidad (RNF-001)
A3: Personas con el cuestionario completo | B3: =COUNTIF(Respuestas!$P$2:$P$21,"sí") -> 0
A4: Puntuación SUS promedio del grupo | B4: =IF(B3=0,"",AVERAGE(Respuestas!$O$2:$O$21))
A5: Puntuación SUS mediana | B5: =IF(B3=0,"",MEDIAN(Respuestas!$O$2:$O$21))
A6: Puntuación SUS mínima | B6: =IF(B3=0,"",MIN(Respuestas!$O$2:$O$21))
A7: Puntuación SUS máxima | B7: =IF(B3=0,"",MAX(Respuestas!$O$2:$O$21))
A8: Personas con puntuación de 68 o más | B8: =COUNTIF(Respuestas!$O$2:$O$21,">=68") -> 0
A9: Personas con la tarea principal evaluada | B9: =COUNTIF(Tareas!$I$2:$I$21,"sí")+COUNTIF(Tareas!$I$2:$I$21,"no") -> 0
A10: Personas que la completaron sin ayuda y en menos de 3 minutos | B10: =COUNTIF(Tareas!$I$2:$I$21,"sí") -> 0
A11: Porcentaje que la completó sin ayuda | B11: =IF(B9=0,"",B10/B9)
A13: Criterio de RNF-001
A14: Promedio SUS de 68 o más | B14: =IF(B3<5,"Faltan personas",IF(B4>=68,"Cumple","No cumple")) -> Faltan personas
A15: Al menos 80 % completa la tarea principal sin ayuda | B15: =IF(B9<5,"Faltan personas",IF(B11>=0.8,"Cumple","No cumple")) -> Faltan personas
A16: Conclusión | B16: =IF(OR(B14="Faltan personas",B15="Faltan personas"),"Sin concluir: se necesitan al menos 5 personas con el cuestionario completo y 5 con la tarea principal evaluada",IF(AND(B14="Cumple",B15="Cumple"),"RNF-001 cumple","RNF-001 no cumple")) -> Sin concluir: se necesitan al menos 5 personas con el cuestionario completo y 5 con la tarea principal evaluada
A18: Promedio de cada afirmación (1 a 5; sirve para ubicar los puntos débiles: en las impares conviene que sea alto y en las pares, bajo)
A19: P1. Creo que me gustaría usar este sistema con frecuencia. | B19: =IF(COUNT(Respuestas!E2:E21)=0,"",AVERAGE(Respuestas!E2:E21))
A20: P2. Encontré el sistema innecesariamente complejo. | B20: =IF(COUNT(Respuestas!F2:F21)=0,"",AVERAGE(Respuestas!F2:F21))
A21: P3. Pensé que el sistema era fácil de usar. | B21: =IF(COUNT(Respuestas!G2:G21)=0,"",AVERAGE(Respuestas!G2:G21))
A22: P4. Creo que necesitaría el apoyo de una persona técnica para poder usar este sistema. | B22: =IF(COUNT(Respuestas!H2:H21)=0,"",AVERAGE(Respuestas!H2:H21))
A23: P5. Encontré que las diversas funciones del sistema estaban bien integradas. | B23: =IF(COUNT(Respuestas!I2:I21)=0,"",AVERAGE(Respuestas!I2:I21))
A24: P6. Pensé que había demasiada inconsistencia en el sistema. | B24: =IF(COUNT(Respuestas!J2:J21)=0,"",AVERAGE(Respuestas!J2:J21))
A25: P7. Imagino que la mayoría de las personas aprenderían a usar este sistema muy rápidamente. | B25: =IF(COUNT(Respuestas!K2:K21)=0,"",AVERAGE(Respuestas!K2:K21))
A26: P8. Encontré el sistema muy engorroso de usar. | B26: =IF(COUNT(Respuestas!L2:L21)=0,"",AVERAGE(Respuestas!L2:L21))
A27: P9. Me sentí muy seguro(a) usando el sistema. | B27: =IF(COUNT(Respuestas!M2:M21)=0,"",AVERAGE(Respuestas!M2:M21))
A28: P10. Necesité aprender muchas cosas antes de poder usar el sistema. | B28: =IF(COUNT(Respuestas!N2:N21)=0,"",AVERAGE(Respuestas!N2:N21))

Sheet Respuestas
A1: Id | B1: Cargo o perfil | C1: Experiencia previa (ninguna / poca / mucha) | D1: Fecha | E1: P1 | F1: P2 | G1: P3 | H1: P4 | I1: P5 | J1: P6 | K1: P7 | L1: P8 | M1: P9 | N1: P10 | O1: Puntuación SUS | P1: Completa
A2: P01 | O2: =IF(COUNT(E2:N2)=10,((E2-1)+(G2-1)+(I2-1)+(K2-1)+(M2-1)+(5-F2)+(5-H2)+(5-J2)+(5-L2)+(5-N2))*2.5,"") | P2: =IF(COUNT(E2:N2)=10,"sí","")
A3: P02 | O3: =IF(COUNT(E3:N3)=10,((E3-1)+(G3-1)+(I3-1)+(K3-1)+(M3-1)+(5-F3)+(5-H3)+(5-J3)+(5-L3)+(5-N3))*2.5,"") | P3: =IF(COUNT(E3:N3)=10,"sí","")
A4: P03 | O4: =IF(COUNT(E4:N4)=10,((E4-1)+(G4-1)+(I4-1)+(K4-1)+(M4-1)+(5-F4)+(5-H4)+(5-J4)+(5-L4)+(5-N4))*2.5,"") | P4: =IF(COUNT(E4:N4)=10,"sí","")
A5: P04 | O5: =IF(COUNT(E5:N5)=10,((E5-1)+(G5-1)+(I5-1)+(K5-1)+(M5-1)+(5-F5)+(5-H5)+(5-J5)+(5-L5)+(5-N5))*2.5,"") | P5: =IF(COUNT(E5:N5)=10,"sí","")
A6: P05 | O6: =IF(COUNT(E6:N6)=10,((E6-1)+(G6-1)+(I6-1)+(K6-1)+(M6-1)+(5-F6)+(5-H6)+(5-J6)+(5-L6)+(5-N6))*2.5,"") | P6: =IF(COUNT(E6:N6)=10,"sí","")
A7: P06 | O7: =IF(COUNT(E7:N7)=10,((E7-1)+(G7-1)+(I7-1)+(K7-1)+(M7-1)+(5-F7)+(5-H7)+(5-J7)+(5-L7)+(5-N7))*2.5,"") | P7: =IF(COUNT(E7:N7)=10,"sí","")
A8: P07 | O8: =IF(COUNT(E8:N8)=10,((E8-1)+(G8-1)+(I8-1)+(K8-1)+(M8-1)+(5-F8)+(5-H8)+(5-J8)+(5-L8)+(5-N8))*2.5,"") | P8: =IF(COUNT(E8:N8)=10,"sí","")
A9: P08 | O9: =IF(COUNT(E9:N9)=10,((E9-1)+(G9-1)+(I9-1)+(K9-1)+(M9-1)+(5-F9)+(5-H9)+(5-J9)+(5-L9)+(5-N9))*2.5,"") | P9: =IF(COUNT(E9:N9)=10,"sí","")
A10: P09 | O10: =IF(COUNT(E10:N10)=10,((E10-1)+(G10-1)+(I10-1)+(K10-1)+(M10-1)+(5-F10)+(5-H10)+(5-J10)+(5-L10)+(5-N10))*2.5,"") | P10: =IF(COUNT(E10:N10)=10,"sí","")
A11: P10 | O11: =IF(COUNT(E11:N11)=10,((E11-1)+(G11-1)+(I11-1)+(K11-1)+(M11-1)+(5-F11)+(5-H11)+(5-J11)+(5-L11)+(5-N11))*2.5,"") | P11: =IF(COUNT(E11:N11)=10,"sí","")
A12: P11 | O12: =IF(COUNT(E12:N12)=10,((E12-1)+(G12-1)+(I12-1)+(K12-1)+(M12-1)+(5-F12)+(5-H12)+(5-J12)+(5-L12)+(5-N12))*2.5,"") | P12: =IF(COUNT(E12:N12)=10,"sí","")
A13: P12 | O13: =IF(COUNT(E13:N13)=10,((E13-1)+(G13-1)+(I13-1)+(K13-1)+(M13-1)+(5-F13)+(5-H13)+(5-J13)+(5-L13)+(5-N13))*2.5,"") | P13: =IF(COUNT(E13:N13)=10,"sí","")
... A21: P20 | O21: =IF(COUNT(E21:N21)=10,((E21-1)+(G21-1)+(I21-1)+(K21-1)+(M21-1)+(5-F21)+(5-H21)+(5-J21)+(5-L21)+(5-N21))*2.5,"") | P21: =IF(COUNT(E21:N21)=10,"sí","")

Sheet Tareas
A1: Id | B1: T1 sin ayuda (S/N) | C1: T2 sin ayuda (S/N) | D1: T3 sin ayuda (S/N) | E1: T4 sin ayuda (S/N) | F1: T5 sin ayuda (S/N) | G1: T6 sin ayuda (S/N) | H1: Tiempo de T1 y T2 (minutos) | I1: Tarea principal sin ayuda y en menos de 3 min | J1: Ayudas pedidas y observaciones
A2: P01 | I2: =IF(OR(B2="",C2="",H2=""),"",IF(AND(B2="S",C2="S",H2<3),"sí","no"))
A3: P02 | I3: =IF(OR(B3="",C3="",H3=""),"",IF(AND(B3="S",C3="S",H3<3),"sí","no"))
A4: P03 | I4: =IF(OR(B4="",C4="",H4=""),"",IF(AND(B4="S",C4="S",H4<3),"sí","no"))
A5: P04 | I5: =IF(OR(B5="",C5="",H5=""),"",IF(AND(B5="S",C5="S",H5<3),"sí","no"))
A6: P05 | I6: =IF(OR(B6="",C6="",H6=""),"",IF(AND(B6="S",C6="S",H6<3),"sí","no"))
A7: P06 | I7: =IF(OR(B7="",C7="",H7=""),"",IF(AND(B7="S",C7="S",H7<3),"sí","no"))
A8: P07 | I8: =IF(OR(B8="",C8="",H8=""),"",IF(AND(B8="S",C8="S",H8<3),"sí","no"))
A9: P08 | I9: =IF(OR(B9="",C9="",H9=""),"",IF(AND(B9="S",C9="S",H9<3),"sí","no"))
A10: P09 | I10: =IF(OR(B10="",C10="",H10=""),"",IF(AND(B10="S",C10="S",H10<3),"sí","no"))
A11: P10 | I11: =IF(OR(B11="",C11="",H11=""),"",IF(AND(B11="S",C11="S",H11<3),"sí","no"))
A12: P11 | I12: =IF(OR(B12="",C12="",H12=""),"",IF(AND(B12="S",C12="S",H12<3),"sí","no"))
A13: P12 | I13: =IF(OR(B13="",C13="",H13=""),"",IF(AND(B13="S",C13="S",H13<3),"sí","no"))
... A21: P20 | I21: =IF(OR(B21="",C21="",H21=""),"",IF(AND(B21="S",C21="S",H21<3),"sí","no"))
